[{"model": "auth.permission", "pk": 1, "fields": {"name": "Can add log entry", "content_type": 1, "codename": "add_logentry"}}, {"model": "auth.permission", "pk": 2, "fields": {"name": "Can change log entry", "content_type": 1, "codename": "change_logentry"}}, {"model": "auth.permission", "pk": 3, "fields": {"name": "Can delete log entry", "content_type": 1, "codename": "delete_logentry"}}, {"model": "auth.permission", "pk": 4, "fields": {"name": "Can view log entry", "content_type": 1, "codename": "view_logentry"}}, {"model": "auth.permission", "pk": 5, "fields": {"name": "Can add permission", "content_type": 2, "codename": "add_permission"}}, {"model": "auth.permission", "pk": 6, "fields": {"name": "Can change permission", "content_type": 2, "codename": "change_permission"}}, {"model": "auth.permission", "pk": 7, "fields": {"name": "Can delete permission", "content_type": 2, "codename": "delete_permission"}}, {"model": "auth.permission", "pk": 8, "fields": {"name": "Can view permission", "content_type": 2, "codename": "view_permission"}}, {"model": "auth.permission", "pk": 9, "fields": {"name": "Can add group", "content_type": 3, "codename": "add_group"}}, {"model": "auth.permission", "pk": 10, "fields": {"name": "Can change group", "content_type": 3, "codename": "change_group"}}, {"model": "auth.permission", "pk": 11, "fields": {"name": "Can delete group", "content_type": 3, "codename": "delete_group"}}, {"model": "auth.permission", "pk": 12, "fields": {"name": "Can view group", "content_type": 3, "codename": "view_group"}}, {"model": "auth.permission", "pk": 13, "fields": {"name": "Can add user", "content_type": 4, "codename": "add_user"}}, {"model": "auth.permission", "pk": 14, "fields": {"name": "Can change user", "content_type": 4, "codename": "change_user"}}, {"model": "auth.permission", "pk": 15, "fields": {"name": "Can delete user", "content_type": 4, "codename": "delete_user"}}, {"model": "auth.permission", "pk": 16, "fields": {"name": "Can view user", "content_type": 4, "codename": "view_user"}}, {"model": "auth.permission", "pk": 17, "fields": {"name": "Can add content type", "content_type": 5, "codename": "add_contenttype"}}, {"model": "auth.permission", "pk": 18, "fields": {"name": "Can change content type", "content_type": 5, "codename": "change_contenttype"}}, {"model": "auth.permission", "pk": 19, "fields": {"name": "Can delete content type", "content_type": 5, "codename": "delete_contenttype"}}, {"model": "auth.permission", "pk": 20, "fields": {"name": "Can view content type", "content_type": 5, "codename": "view_contenttype"}}, {"model": "auth.permission", "pk": 21, "fields": {"name": "Can add session", "content_type": 6, "codename": "add_session"}}, {"model": "auth.permission", "pk": 22, "fields": {"name": "Can change session", "content_type": 6, "codename": "change_session"}}, {"model": "auth.permission", "pk": 23, "fields": {"name": "Can delete session", "content_type": 6, "codename": "delete_session"}}, {"model": "auth.permission", "pk": 24, "fields": {"name": "Can view session", "content_type": 6, "codename": "view_session"}}, {"model": "auth.permission", "pk": 25, "fields": {"name": "Can add product", "content_type": 7, "codename": "add_product"}}, {"model": "auth.permission", "pk": 26, "fields": {"name": "Can change product", "content_type": 7, "codename": "change_product"}}, {"model": "auth.permission", "pk": 27, "fields": {"name": "Can delete product", "content_type": 7, "codename": "delete_product"}}, {"model": "auth.permission", "pk": 28, "fields": {"name": "Can view product", "content_type": 7, "codename": "view_product"}}, {"model": "auth.permission", "pk": 29, "fields": {"name": "Can add order", "content_type": 8, "codename": "add_order"}}, {"model": "auth.permission", "pk": 30, "fields": {"name": "Can change order", "content_type": 8, "codename": "change_order"}}, {"model": "auth.permission", "pk": 31, "fields": {"name": "Can delete order", "content_type": 8, "codename": "delete_order"}}, {"model": "auth.permission", "pk": 32, "fields": {"name": "Can view order", "content_type": 8, "codename": "view_order"}}, {"model": "auth.permission", "pk": 33, "fields": {"name": "Can add review", "content_type": 9, "codename": "add_review"}}, {"model": "auth.permission", "pk": 34, "fields": {"name": "Can change review", "content_type": 9, "codename": "change_review"}}, {"model": "auth.permission", "pk": 35, "fields": {"name": "Can delete review", "content_type": 9, "codename": "delete_review"}}, {"model": "auth.permission", "pk": 36, "fields": {"name": "Can view review", "content_type": 9, "codename": "view_review"}}, {"model": "auth.permission", "pk": 37, "fields": {"name": "Can add order item", "content_type": 10, "codename": "add_orderitem"}}, {"model": "auth.permission", "pk": 38, "fields": {"name": "Can change order item", "content_type": 10, "codename": "change_orderitem"}}, {"model": "auth.permission", "pk": 39, "fields": {"name": "Can delete order item", "content_type": 10, "codename": "delete_orderitem"}}, {"model": "auth.permission", "pk": 40, "fields": {"name": "Can view order item", "content_type": 10, "codename": "view_orderitem"}}, {"model": "auth.permission", "pk": 41, "fields": {"name": "Can add shipping address", "content_type": 11, "codename": "add_shippingaddress"}}, {"model": "auth.permission", "pk": 42, "fields": {"name": "Can change shipping address", "content_type": 11, "codename": "change_shippingaddress"}}, {"model": "auth.permission", "pk": 43, "fields": {"name": "Can delete shipping address", "content_type": 11, "codename": "delete_shippingaddress"}}, {"model": "auth.permission", "pk": 44, "fields": {"name": "Can view shipping address", "content_type": 11, "codename": "view_shippingaddress"}}, {"model": "auth.user", "pk": 9, "fields": {"password": "pbkdf2_sha256$216000$SbFNnS1V1Po6$KdBHoTjA9KGDaTmwTUbYYRoVAHVPWDQ5/UMRwR7JNTI=", "last_login": null, "is_superuser": true, "username": "admin@email.com", "first_name": "", "last_name": "", "email": "admin@email.com", "is_staff": true, "is_active": true, "date_joined": "2021-02-11T23:50:24.287Z", "groups": [], "user_permissions": []}}, {"model": "auth.user", "pk": 10, "fields": {"password": "pbkdf2_sha256$216000$mQ9OzEfkspRR$BkJlkL4vvBmAptiK6Yk3y4T5Wlc+tt1AXt+H/sAXMj4=", "last_login": null, "is_superuser": false, "username": "Piyush.kalyani7@gmail.com", "first_name": "PIYUSH KALYANI", "last_name": "", "email": "Piyush.kalyani7@gmail.com", "is_staff": false, "is_active": true, "date_joined": "2023-10-14T15:58:59.843Z", "groups": [], "user_permissions": []}}, {"model": "auth.user", "pk": 12, "fields": {"password": "pbkdf2_sha256$216000$AuINSmPAsdHs$yYzR/fYn8P2BX4Fcu/ey1ozFKhhO1qPj6wWbhJEeROc=", "last_login": null, "is_superuser": true, "username": "piyush@gmail.com", "first_name": "", "last_name": "", "email": "piyush@gmail.com", "is_staff": true, "is_active": true, "date_joined": "2023-10-14T16:29:01.187Z", "groups": [], "user_permissions": []}}, {"model": "auth.user", "pk": 13, "fields": {"password": "pbkdf2_sha256$216000$79PucEk0U58Z$Pi4phI8/uCJz0mZACfm4LmMfXIvvWKJR2+PAFcQlnY0=", "last_login": null, "is_superuser": true, "username": "pk@pk.com", "first_name": "", "last_name": "", "email": "pk@pk.com", "is_staff": true, "is_active": true, "date_joined": "2023-10-22T12:09:59.014Z", "groups": [], "user_permissions": []}}, {"model": "contenttypes.contenttype", "pk": 1, "fields": {"app_label": "admin", "model": "logentry"}}, {"model": "contenttypes.contenttype", "pk": 2, "fields": {"app_label": "auth", "model": "permission"}}, {"model": "contenttypes.contenttype", "pk": 3, "fields": {"app_label": "auth", "model": "group"}}, {"model": "contenttypes.contenttype", "pk": 4, "fields": {"app_label": "auth", "model": "user"}}, {"model": "contenttypes.contenttype", "pk": 5, "fields": {"app_label": "contenttypes", "model": "contenttype"}}, {"model": "contenttypes.contenttype", "pk": 6, "fields": {"app_label": "sessions", "model": "session"}}, {"model": "contenttypes.contenttype", "pk": 7, "fields": {"app_label": "base", "model": "product"}}, {"model": "contenttypes.contenttype", "pk": 8, "fields": {"app_label": "base", "model": "order"}}, {"model": "contenttypes.contenttype", "pk": 9, "fields": {"app_label": "base", "model": "review"}}, {"model": "contenttypes.contenttype", "pk": 10, "fields": {"app_label": "base", "model": "orderitem"}}, {"model": "contenttypes.contenttype", "pk": 11, "fields": {"app_label": "base", "model": "shippingaddress"}}, {"model": "sessions.session", "pk": "6yv2caa37h42hta9zje4lrtle95h4wl5", "fields": {"session_data": ".eJxVjDEOAiEQRe9CbQggIFjaewYyMwyyaiBZdivj3XWTLbT9773_EgnWpaZ18JymLM5Ca3H4HRHowW0j-Q7t1iX1tswTyk2ROx3y2jM_L7v7d1Bh1G_NXCg6bzhq5Y2NFCCydaoYJosaCAsjBOOdC94iKoheH5lPmgmy9eL9AR2eOMY:1qrhUz:woNDq32f6UHSYnmk6PGsod76NtpWY18HsHR7pmTiE7w", "expire_date": "2023-10-28T16:28:21.383Z"}}, {"model": "sessions.session", "pk": "frap847cmhsobvo8g3guw0oz0z55mozo", "fields": {"session_data": ".eJxVjEEOwiAQRe_C2hAGGUCX7nsGwnSmUjVtUtqV8e7SpAvdvvf-f6uUt7WkrcqSRlZXBer0yyj3T5l2wY883Wfdz9O6jKT3RB-26m5med2O9u-g5Fra2hryjqNjwghkBa2DwOYiYhtzCAgZOXoeqEX9GYDFo_UhgCEcUH2-0xw3Zw:1kz8tN:8YnkrjwCfXgJ4qBNzO2Ign7UEuRS7EW_Rrq0ey5l05A", "expire_date": "2021-01-26T01:54:41.016Z"}}, {"model": "sessions.session", "pk": "k4zp73t0s6d0csloxcmlo6246zlng2lc", "fields": {"session_data": ".eJxVjMEOwiAQRP-FsyHiUigevfsNze6ySNVAUtqT8d-VpAc9zrw381ITbmuetibLNEd1VkYdfjtCfkjpIN6x3KrmWtZlJt0VvdOmrzXK87K7fwcZW-5rONo4sB_Z-UTegAsUJaD1gZN4NM4Ij5ZsAIiQ3GCBUhAfTgDf4NT7A-pSN5c:1ksDcg:Swo4sRzDqdxxGO5iPYuI2dqOG2jF08nTPif-8gpCWEM", "expire_date": "2021-01-06T23:32:50.374Z"}}, {"model": "sessions.session", "pk": "wn1nqxag4gmdnn6nhl4vkiuiak4ovj9m", "fields": {"session_data": ".eJxVjMEOwiAQRP-FsyHiUigevfsNze6ySNVAUtqT8d-VpAc9zrw381ITbmuetibLNEd1VkYdfjtCfkjpIN6x3KrmWtZlJt0VvdOmrzXK87K7fwcZW-5rONo4sB_Z-UTegAsUJaD1gZN4NM4Ij5ZsAIiQ3GCBUhAfTgDf4NT7A-pSN5c:1kwc02:CpZZRgfYB1YQ7KmSoV9tBglwtbmRJT2AstPkt8QDxuc", "expire_date": "2021-01-19T02:23:06.137Z"}}, {"model": "sessions.session", "pk": "x4cojuyua416n8sepohdrra1dkw98kod", "fields": {"session_data": ".eJxVjEEOwiAQRe_C2hAGGUCX7nsGwnSmUjVtUtqV8e7SpAvdvvf-f6uUt7WkrcqSRlZXBer0yyj3T5l2wY883Wfdz9O6jKT3RB-26m5med2O9u-g5Fra2hryjqNjwghkBa2DwOYiYhtzCAgZOXoeqEX9GYDFo_UhgCEcUH2-0xw3Zw:1kzYUr:TUIvrcOZZoKNrOEa_wmlCtXZEMtQbNI6stE9i9tSusg", "expire_date": "2021-01-27T05:15:05.084Z"}}, {"model": "base.product", "pk": 1, "fields": {"user": null, "name": "Airpods Wireless Bluetooth Headphones", "image": "airpods.jpg", "brand": "Apple", "category": "Electronics", "description": "Bluetooth technology lets you connect it with compatible devices wirelessly High-quality AAC audio offers immersive listening experience Built-in microphone allows you to take calls while working", "rating": "4.00", "numReviews": 2, "price": "89.99", "countInStock": 5, "createdAt": "2020-12-24T00:33:52.148Z"}}, {"model": "base.product", "pk": 2, "fields": {"user": null, "name": "iPhone 11 Pro 256GB Memory", "image": "phone.jpg", "brand": "Apple", "category": "Electronics", "description": "Introducing the iPhone 11 Pro. A transformative triple-camera system that adds tons of capability without complexity. An unprecedented leap in battery life", "rating": "4.00", "numReviews": 8, "price": "599.99", "countInStock": 7, "createdAt": "2020-12-24T04:08:14.324Z"}}, {"model": "base.product", "pk": 3, "fields": {"user": null, "name": "Cannon EOS 80D DSLR Camera", "image": "camera_DeAtR52.jpg", "brand": "Cannon", "category": "Electronics", "description": "Characterized by versatile imaging specs, the Canon EOS 80D further clarifies itself using a pair of robust focusing systems and an intuitive design", "rating": "3.00", "numReviews": 12, "price": "929.99", "countInStock": 0, "createdAt": "2020-12-24T19:39:42.787Z"}}, {"model": "base.product", "pk": 4, "fields": {"user": null, "name": "Sony Playstation 4 Pro White Version ", "image": "playstation.jpg", "brand": "Sony ", "category": "Electronics ", "description": "The ultimate home entertainment center starts with PlayStation. Whether you are into gaming, HD movies, television, music", "rating": "4.00", "numReviews": 1, "price": "399.99", "countInStock": 177, "createdAt": "2020-12-24T19:40:52.684Z"}}, {"model": "base.product", "pk": 5, "fields": {"user": null, "name": "Logitech G-Series Gaming Mouse", "image": "mouse.jpg", "brand": "Logitech", "category": "Electronics", "description": "Get a better handle on your games with this Logitech LIGHTSYNC gaming mouse. The six programmable buttons allow customization for a smooth playing experience", "rating": "3.50", "numReviews": 10, "price": "49.99", "countInStock": 6, "createdAt": "2020-12-24T19:41:47.595Z"}}, {"model": "base.product", "pk": 6, "fields": {"user": null, "name": "Amazon Echo Dot 3rd Generation", "image": "alexa.jpg", "brand": "Amazon", "category": "Electronics", "description": "Meet Echo Dot - Our most popular smart speaker with a fabric design. It is our most compact smart speaker that fits perfectly into small space", "rating": "4.00", "numReviews": 12, "price": "29.99", "countInStock": 1, "createdAt": "2020-12-24T19:42:31.546Z"}}, {"model": "base.review", "pk": 1, "fields": {"product": 1, "user": null, "name": "Dennis Ivanov", "rating": 3, "comment": "Good Product", "createdAt": "2021-01-22T01:10:19.602Z"}}, {"model": "base.review", "pk": 3, "fields": {"product": 1, "user": null, "name": "Jack", "rating": 5, "comment": "Loved it!\n", "createdAt": "2021-01-22T04:07:51.505Z"}}, {"model": "base.order", "pk": 12, "fields": {"user": null, "paymentMethod": "PayPal", "taxPrice": "117.25", "shippingPrice": "0.00", "totalPrice": "1547.16", "isPaid": false, "paidAt": null, "isDelivered": false, "deliveredAt": null, "createdAt": "2021-01-22T00:14:20.457Z"}}, {"model": "base.order", "pk": 13, "fields": {"user": null, "paymentMethod": "PayPal", "taxPrice": "117.25", "shippingPrice": "0.00", "totalPrice": "1547.16", "isPaid": false, "paidAt": null, "isDelivered": false, "deliveredAt": null, "createdAt": "2021-01-22T00:14:20.457Z"}}, {"model": "base.order", "pk": 14, "fields": {"user": null, "paymentMethod": "PayPal", "taxPrice": "117.25", "shippingPrice": "0.00", "totalPrice": "1547.16", "isPaid": false, "paidAt": null, "isDelivered": false, "deliveredAt": null, "createdAt": "2021-01-22T00:14:20.457Z"}}, {"model": "base.order", "pk": 15, "fields": {"user": null, "paymentMethod": "PayPal", "taxPrice": "117.25", "shippingPrice": "0.00", "totalPrice": "1547.16", "isPaid": false, "paidAt": null, "isDelivered": false, "deliveredAt": null, "createdAt": "2021-01-22T00:14:20.457Z"}}, {"model": "base.order", "pk": 16, "fields": {"user": null, "paymentMethod": "PayPal", "taxPrice": "117.25", "shippingPrice": "0.00", "totalPrice": "1547.16", "isPaid": false, "paidAt": null, "isDelivered": false, "deliveredAt": null, "createdAt": "2021-01-22T00:14:20.457Z"}}, {"model": "base.order", "pk": 17, "fields": {"user": null, "paymentMethod": "PayPal", "taxPrice": "117.25", "shippingPrice": "0.00", "totalPrice": "1547.16", "isPaid": false, "paidAt": null, "isDelivered": false, "deliveredAt": null, "createdAt": "2021-01-22T00:14:20.457Z"}}, {"model": "base.order", "pk": 18, "fields": {"user": null, "paymentMethod": "PayPal", "taxPrice": "117.25", "shippingPrice": "0.00", "totalPrice": "1547.16", "isPaid": false, "paidAt": null, "isDelivered": false, "deliveredAt": null, "createdAt": "2021-01-22T00:14:20.457Z"}}, {"model": "base.order", "pk": 19, "fields": {"user": null, "paymentMethod": "PayPal", "taxPrice": "117.25", "shippingPrice": "0.00", "totalPrice": "1547.16", "isPaid": false, "paidAt": null, "isDelivered": false, "deliveredAt": null, "createdAt": "2021-01-22T00:14:20.457Z"}}, {"model": "base.order", "pk": 20, "fields": {"user": null, "paymentMethod": "PayPal", "taxPrice": "117.25", "shippingPrice": "0.00", "totalPrice": "1547.16", "isPaid": false, "paidAt": null, "isDelivered": false, "deliveredAt": null, "createdAt": "2021-01-22T00:14:20.457Z"}}, {"model": "base.order", "pk": 21, "fields": {"user": null, "paymentMethod": "PayPal", "taxPrice": "117.25", "shippingPrice": "0.00", "totalPrice": "1547.16", "isPaid": false, "paidAt": null, "isDelivered": false, "deliveredAt": null, "createdAt": "2021-01-22T00:14:20.457Z"}}, {"model": "base.order", "pk": 22, "fields": {"user": null, "paymentMethod": "PayPal", "taxPrice": "117.25", "shippingPrice": "0.00", "totalPrice": "1547.16", "isPaid": false, "paidAt": null, "isDelivered": false, "deliveredAt": null, "createdAt": "2021-01-22T00:14:20.457Z"}}, {"model": "base.order", "pk": 23, "fields": {"user": null, "paymentMethod": "PayPal", "taxPrice": "117.25", "shippingPrice": "0.00", "totalPrice": "1547.16", "isPaid": false, "paidAt": null, "isDelivered": false, "deliveredAt": null, "createdAt": "2021-01-22T00:14:20.457Z"}}, {"model": "base.order", "pk": 24, "fields": {"user": null, "paymentMethod": "PayPal", "taxPrice": "36.90", "shippingPrice": "0.00", "totalPrice": "486.85", "isPaid": false, "paidAt": null, "isDelivered": false, "deliveredAt": null, "createdAt": "2021-01-22T00:14:20.457Z"}}, {"model": "base.order", "pk": 25, "fields": {"user": null, "paymentMethod": "PayPal", "taxPrice": "381.30", "shippingPrice": "0.00", "totalPrice": "5031.25", "isPaid": false, "paidAt": null, "isDelivered": false, "deliveredAt": null, "createdAt": "2021-01-22T00:14:20.457Z"}}, {"model": "base.order", "pk": 26, "fields": {"user": null, "paymentMethod": "PayPal", "taxPrice": "47.56", "shippingPrice": "0.00", "totalPrice": "627.53", "isPaid": false, "paidAt": null, "isDelivered": false, "deliveredAt": null, "createdAt": "2021-01-22T00:14:20.457Z"}}, {"model": "base.order", "pk": 27, "fields": {"user": null, "paymentMethod": "PayPal", "taxPrice": "54.94", "shippingPrice": "0.00", "totalPrice": "724.90", "isPaid": false, "paidAt": null, "isDelivered": false, "deliveredAt": null, "createdAt": "2021-01-22T00:14:20.457Z"}}, {"model": "base.order", "pk": 28, "fields": {"user": null, "paymentMethod": "PayPal", "taxPrice": "100.86", "shippingPrice": "0.00", "totalPrice": "1330.83", "isPaid": true, "paidAt": "2021-01-05T23:58:05Z", "isDelivered": true, "deliveredAt": "2021-01-20T17:29:33.639Z", "createdAt": "2021-01-22T00:14:20.457Z"}}, {"model": "base.order", "pk": 29, "fields": {"user": null, "paymentMethod": "PayPal", "taxPrice": "162.36", "shippingPrice": "0.00", "totalPrice": "2142.31", "isPaid": true, "paidAt": "2021-01-15T14:50:18.094Z", "isDelivered": true, "deliveredAt": "2021-01-20T17:31:34.481Z", "createdAt": "2021-01-22T00:14:20.457Z"}}, {"model": "base.order", "pk": 30, "fields": {"user": 10, "paymentMethod": "PayPal", "taxPrice": "36.90", "shippingPrice": "0.00", "totalPrice": "486.88", "isPaid": false, "paidAt": null, "isDelivered": false, "deliveredAt": null, "createdAt": "2023-10-14T15:59:22.924Z"}}, {"model": "base.orderitem", "pk": 23, "fields": {"product": 1, "order": 12, "name": "Airpods Wireless Bluetooth Headphones", "qty": 7, "price": "89.99", "image": "/images/airpods.jpg"}}, {"model": "base.orderitem", "pk": 24, "fields": {"product": 4, "order": 12, "name": "Sony Playstation 4 Pro White Version", "qty": 2, "price": "399.99", "image": "/images/playstation.jpg"}}, {"model": "base.orderitem", "pk": 25, "fields": {"product": 1, "order": 13, "name": "Airpods Wireless Bluetooth Headphones", "qty": 7, "price": "89.99", "image": "/images/airpods.jpg"}}, {"model": "base.orderitem", "pk": 26, "fields": {"product": 4, "order": 13, "name": "Sony Playstation 4 Pro White Version", "qty": 2, "price": "399.99", "image": "/images/playstation.jpg"}}, {"model": "base.orderitem", "pk": 27, "fields": {"product": 1, "order": 14, "name": "Airpods Wireless Bluetooth Headphones", "qty": 7, "price": "89.99", "image": "/images/airpods.jpg"}}, {"model": "base.orderitem", "pk": 28, "fields": {"product": 4, "order": 14, "name": "Sony Playstation 4 Pro White Version", "qty": 2, "price": "399.99", "image": "/images/playstation.jpg"}}, {"model": "base.orderitem", "pk": 29, "fields": {"product": 1, "order": 15, "name": "Airpods Wireless Bluetooth Headphones", "qty": 7, "price": "89.99", "image": "/images/airpods.jpg"}}, {"model": "base.orderitem", "pk": 30, "fields": {"product": 4, "order": 15, "name": "Sony Playstation 4 Pro White Version", "qty": 2, "price": "399.99", "image": "/images/playstation.jpg"}}, {"model": "base.orderitem", "pk": 31, "fields": {"product": 1, "order": 16, "name": "Airpods Wireless Bluetooth Headphones", "qty": 7, "price": "89.99", "image": "/images/airpods.jpg"}}, {"model": "base.orderitem", "pk": 32, "fields": {"product": 4, "order": 16, "name": "Sony Playstation 4 Pro White Version", "qty": 2, "price": "399.99", "image": "/images/playstation.jpg"}}, {"model": "base.orderitem", "pk": 33, "fields": {"product": 1, "order": 17, "name": "Airpods Wireless Bluetooth Headphones", "qty": 7, "price": "89.99", "image": "/images/airpods.jpg"}}, {"model": "base.orderitem", "pk": 34, "fields": {"product": 4, "order": 17, "name": "Sony Playstation 4 Pro White Version", "qty": 2, "price": "399.99", "image": "/images/playstation.jpg"}}, {"model": "base.orderitem", "pk": 35, "fields": {"product": 1, "order": 18, "name": "Airpods Wireless Bluetooth Headphones", "qty": 7, "price": "89.99", "image": "/images/airpods.jpg"}}, {"model": "base.orderitem", "pk": 36, "fields": {"product": 4, "order": 18, "name": "Sony Playstation 4 Pro White Version", "qty": 2, "price": "399.99", "image": "/images/playstation.jpg"}}, {"model": "base.orderitem", "pk": 37, "fields": {"product": 1, "order": 19, "name": "Airpods Wireless Bluetooth Headphones", "qty": 7, "price": "89.99", "image": "/images/airpods.jpg"}}, {"model": "base.orderitem", "pk": 38, "fields": {"product": 4, "order": 19, "name": "Sony Playstation 4 Pro White Version", "qty": 2, "price": "399.99", "image": "/images/playstation.jpg"}}, {"model": "base.orderitem", "pk": 39, "fields": {"product": 1, "order": 20, "name": "Airpods Wireless Bluetooth Headphones", "qty": 7, "price": "89.99", "image": "/images/airpods.jpg"}}, {"model": "base.orderitem", "pk": 40, "fields": {"product": 4, "order": 20, "name": "Sony Playstation 4 Pro White Version", "qty": 2, "price": "399.99", "image": "/images/playstation.jpg"}}, {"model": "base.orderitem", "pk": 41, "fields": {"product": 1, "order": 21, "name": "Airpods Wireless Bluetooth Headphones", "qty": 7, "price": "89.99", "image": "/images/airpods.jpg"}}, {"model": "base.orderitem", "pk": 42, "fields": {"product": 4, "order": 21, "name": "Sony Playstation 4 Pro White Version", "qty": 2, "price": "399.99", "image": "/images/playstation.jpg"}}, {"model": "base.orderitem", "pk": 43, "fields": {"product": 1, "order": 22, "name": "Airpods Wireless Bluetooth Headphones", "qty": 7, "price": "89.99", "image": "/images/airpods.jpg"}}, {"model": "base.orderitem", "pk": 44, "fields": {"product": 4, "order": 22, "name": "Sony Playstation 4 Pro White Version", "qty": 2, "price": "399.99", "image": "/images/playstation.jpg"}}, {"model": "base.orderitem", "pk": 45, "fields": {"product": 1, "order": 23, "name": "Airpods Wireless Bluetooth Headphones", "qty": 7, "price": "89.99", "image": "/images/airpods.jpg"}}, {"model": "base.orderitem", "pk": 46, "fields": {"product": 4, "order": 23, "name": "Sony Playstation 4 Pro White Version", "qty": 2, "price": "399.99", "image": "/images/playstation.jpg"}}, {"model": "base.orderitem", "pk": 47, "fields": {"product": 1, "order": 24, "name": "Airpods Wireless Bluetooth Headphones", "qty": 5, "price": "89.99", "image": "/images/airpods.jpg"}}, {"model": "base.orderitem", "pk": 48, "fields": {"product": 3, "order": 25, "name": "Cannon EOS 80D DSLR Camera", "qty": 5, "price": "929.99", "image": "/images/camera_zpMaPRx.jpg"}}, {"model": "base.orderitem", "pk": 49, "fields": {"product": 1, "order": 26, "name": "Airpods Wireless Bluetooth Headphones", "qty": 2, "price": "89.99", "image": "/images/airpods.jpg"}}, {"model": "base.orderitem", "pk": 50, "fields": {"product": 4, "order": 26, "name": "Sony Playstation 4 Pro White Version", "qty": 1, "price": "399.99", "image": "/images/playstation.jpg"}}, {"model": "base.orderitem", "pk": 51, "fields": {"product": 1, "order": 27, "name": "Airpods Wireless Bluetooth Headphones", "qty": 3, "price": "89.99", "image": "/images/airpods.jpg"}}, {"model": "base.orderitem", "pk": 52, "fields": {"product": 4, "order": 27, "name": "Sony Playstation 4 Pro White Version", "qty": 1, "price": "399.99", "image": "/images/playstation.jpg"}}, {"model": "base.orderitem", "pk": 53, "fields": {"product": 2, "order": 28, "name": "iPhone 11 Pro 256GB Memory", "qty": 2, "price": "599.99", "image": "/images/phone.jpg"}}, {"model": "base.orderitem", "pk": 54, "fields": {"product": 6, "order": 28, "name": "Amazon Echo Dot 3rd Generation", "qty": 1, "price": "29.99", "image": "/images/alexa.jpg"}}, {"model": "base.orderitem", "pk": 55, "fields": {"product": 1, "order": 29, "name": "Airpods Wireless Bluetooth Headphones", "qty": 2, "price": "89.99", "image": "/images/airpods.jpg"}}, {"model": "base.orderitem", "pk": 56, "fields": {"product": 2, "order": 29, "name": "iPhone 11 Pro 256GB Memory", "qty": 3, "price": "599.99", "image": "/images/phone.jpg"}}, {"model": "base.orderitem", "pk": 57, "fields": {"product": 4, "order": 30, "name": "Sony Playstation 4 Pro White Version ", "qty": 1, "price": "399.99", "image": "/images/playstation.jpg"}}, {"model": "base.orderitem", "pk": 58, "fields": {"product": 5, "order": 30, "name": "Logitech G-Series Gaming Mouse", "qty": 1, "price": "49.99", "image": "/images/mouse.jpg"}}, {"model": "base.shippingaddress", "pk": 12, "fields": {"order": 12, "address": "1600 PA Ave", "city": "Washington", "postalCode": "888888", "country": "USA", "shippingPrice": null}}, {"model": "base.shippingaddress", "pk": 13, "fields": {"order": 13, "address": "1600 PA Ave", "city": "Washington", "postalCode": "888888", "country": "USA", "shippingPrice": null}}, {"model": "base.shippingaddress", "pk": 14, "fields": {"order": 14, "address": "1600 PA Ave", "city": "Washington", "postalCode": "888888", "country": "USA", "shippingPrice": null}}, {"model": "base.shippingaddress", "pk": 15, "fields": {"order": 15, "address": "1600 PA Ave", "city": "Washington", "postalCode": "888888", "country": "USA", "shippingPrice": null}}, {"model": "base.shippingaddress", "pk": 16, "fields": {"order": 16, "address": "1600 PA Ave", "city": "Washington", "postalCode": "888888", "country": "USA", "shippingPrice": null}}, {"model": "base.shippingaddress", "pk": 17, "fields": {"order": 17, "address": "1600 PA Ave", "city": "Washington", "postalCode": "888888", "country": "USA", "shippingPrice": null}}, {"model": "base.shippingaddress", "pk": 18, "fields": {"order": 18, "address": "1600 PA Ave", "city": "Washington", "postalCode": "888888", "country": "USA", "shippingPrice": null}}, {"model": "base.shippingaddress", "pk": 19, "fields": {"order": 19, "address": "1600 PA Ave", "city": "Washington", "postalCode": "888888", "country": "USA", "shippingPrice": null}}, {"model": "base.shippingaddress", "pk": 20, "fields": {"order": 20, "address": "1600 PA Ave", "city": "Washington", "postalCode": "888888", "country": "USA", "shippingPrice": null}}, {"model": "base.shippingaddress", "pk": 21, "fields": {"order": 21, "address": "1600 PA Ave", "city": "Washington", "postalCode": "888888", "country": "USA", "shippingPrice": null}}, {"model": "base.shippingaddress", "pk": 22, "fields": {"order": 22, "address": "1600 PA Ave", "city": "Washington", "postalCode": "888888", "country": "USA", "shippingPrice": null}}, {"model": "base.shippingaddress", "pk": 23, "fields": {"order": 23, "address": "1600 PA Ave", "city": "Washington", "postalCode": "888888", "country": "USA", "shippingPrice": null}}, {"model": "base.shippingaddress", "pk": 24, "fields": {"order": 24, "address": "1600 PA Ave", "city": "Washington", "postalCode": "888888", "country": "USA", "shippingPrice": null}}, {"model": "base.shippingaddress", "pk": 25, "fields": {"order": 25, "address": "1600 PA Ave", "city": "Washington", "postalCode": "888888", "country": "USA", "shippingPrice": null}}, {"model": "base.shippingaddress", "pk": 26, "fields": {"order": 26, "address": "1600 PA Ave", "city": "Washington", "postalCode": "888888", "country": "USA", "shippingPrice": null}}, {"model": "base.shippingaddress", "pk": 27, "fields": {"order": 27, "address": "1600 PA Ave", "city": "Washington", "postalCode": "888888", "country": "USA", "shippingPrice": null}}, {"model": "base.shippingaddress", "pk": 28, "fields": {"order": 28, "address": "1600 PA Ave", "city": "Washington", "postalCode": "888888", "country": "USA", "shippingPrice": null}}, {"model": "base.shippingaddress", "pk": 29, "fields": {"order": 29, "address": "1600 PA Ave", "city": "Washington", "postalCode": "888888", "country": "USA", "shippingPrice": null}}, {"model": "base.shippingaddress", "pk": 30, "fields": {"order": 30, "address": "STAR GALAXY APARTMENT FLAT NO.202, NEAR RAILWAY STATION AND NEAR ARAVLI HOTEL, NEAR RAILWAY STATION AND NEAR ARAVLI HOTEL, NEAR RAILWAY STATION AND NEAR ARAVLI HOTEL", "city": "ALWAR", "postalCode": "301001", "country": "India", "shippingPrice": null}}]
